{
    "loss": 11.06881046295166,
    "accuracy": 0.1315789520740509
}