{
    "loss": 26.924251556396484,
    "accuracy": 0.45614033937454224
}